Order,Stn,Block,Grid,Surveyors,Date,Sampled,Y0Count,Y0Weight,Y1Count,Y1Weight,Y2Count,Y2Weight,Y3Count,Y3Weight,Substrata,Media,Easting,Northing,fifteen
1,1,NoA,250,AP_PD,14/05/2023,Y,0,0,0,0,0,0,0,0,sand,5,245000,200000,0
2,2,NoA,250,AP_PD,14/05/2023,Y,0,0,0,0,0,0,1,6,sand,5,245250,200000,6
3,3,NoA,250,AP_PD,14/05/2023,Y,0,0,0,0,0,0,0,0,sand,5,245500,200000,0
4,4,NoA,250,AP_PD,14/05/2023,Y,0,0,0,0,0,0,0,0,sand,5,245750,200000,0
5,5,NoA,250,AP_PD,14/05/2023,Y,0,0,5,10,14,77,0,0,sand,5,246000,200000,77
6,6,NoA,250,AP_PD,14/05/2023,Y,0,0,0,0,0,0,1,7,sand,5,245000,199750,7
7,7,NoA,250,AP_PD,14/05/2023,Y,0,0,0,0,0,0,0,0,sand,5,245250,199750,0
8,8,NoA,250,AP_PD,14/05/2023,Y,0,0,0,0,1,8,0,0,sand,5,245500,199750,8
9,26,SB,250,VS,21/05/2023,N,,,,,,,,,,0,245000,196500,
10,32,SB,250,VS,21/05/2023,N,,,,,,,,,,0,245250,197000,
11,33,SB,250,VS,21/05/2023,Y,0,0,11,18,5,20,2,17,sand,5,245250,196750,40
12,34,SB,250,VS,21/05/2023,Y,0,0,6,1,1,4,1,7,sand,5,245250,196500,13
13,35,NB,250,VS_LE,19/05/2023,Y,0,0,0,0,0,0,0,0,fine_sand,4,245500,199250,0
14,42,SB,250,VS,21/05/2023,N,,,,,,,,,channel,7,245500,196750,
15,43,SB,250,VS,21/05/2023,Y,0,0,0,0,1,5,2,15,sand,5,245500,196500,20
16,44,SB,250,VS,21/05/2023,N,,,,,,,,,sand,5,245500,196250,0
17,45,SB,250,VS,21/05/2023,Y,0,0,0,0,0,0,0,0,muddy_sand,3,245500,196000,0
18,46,SB,250,VS,21/05/2023,Y,0,0,0,0,0,0,0,0,saltmarsh,1,245500,195750,0
19,48,NB,250,VS_LE,19/05/2023,N,,,,,,,,,channel,7,245750,199750,
20,49,NB,250,VS_LE,19/05/2023,Y,0,0,0,0,0,0,0,0,fine_sand,4,245750,199250,0
21,50,NB,250,VS_LE,19/05/2023,N,,,,,,,,,channel,7,245750,199000,0
22,56,SD,250,VS,21/05/2023,N,,,,,,,,,,0,245750,196750,
23,57,SD,250,VS,21/05/2023,Y,0,0,0,0,1,6,0,0,sand,5,245750,196500,6
24,58,SB,250,VS,21/05/2023,Y,0,0,0,0,0,0,0,0,sand,5,245750,196250,0
25,59,SC,250,VS,21/05/2023,Y,0,0,21,21,13,36,0,0,mud,2,245750,196000,27
26,60,SC,250,VS,21/05/2023,Y,0,0,4,2,0,0,0,0,muddy_sand,3,245750,195750,0
27,61,SC,250,VS,21/05/2023,Y,0,0,0,0,0,0,0,0,muddy_sand,3,245750,195500,0
28,62,NB,250,VS_LE,19/05/2023,Y,0,0,0,0,0,0,0,0,fine_sand,4,246000,199750,0
29,63,NB,250,VS_LE,19/05/2023,Y,0,0,0,0,0,0,0,0,fine_sand,4,246000,199500,0
30,64,NB,250,VS_LE,19/05/2023,Y,0,0,0,0,0,0,0,0,fine_sand,4,246000,199250,0
31,65,ND,250,VS_BDD,19/05/2023,N,,,,,,,,,channel,7,246000,199000,
32,70,SD,250,AP_PD,21/05/2023,N,,,,,,,,,channel,7,246000,196750,
33,71,SD,250,VS,21/05/2023,Y,0,0,0,0,1,7,0,0,sand,5,246000,196500,7
34,72,SC,250,VS,21/05/2023,Y,0,0,0,0,0,0,0,0,sand,5,246000,196250,0
35,73,SC,250,AP_PD,21/05/2023,Y,0,0,0,0,0,0,0,0,sand,5,246000,195750,0
36,74,SC,250,AP_PD,21/05/2023,Y,0,0,17,9,8,13,6,26,sand,5,246000,195500,32
37,75,SC,250,AP_PD,21/05/2023,N,,,,,,,,,saltmarsh,1,246000,195250,
38,76,NB,250,VS_LE,19/05/2023,Y,0,0,0,0,0,0,0,0,fine_sand,4,246250,199750,0
39,77,NC,250,VS_LE,19/05/2023,Y,0,0,0,0,0,0,0,0,fine_sand,4,246250,199500,0
40,78,NC,250,VS_LE,19/05/2023,Y,0,0,0,0,0,0,0,0,fine_sand,4,246250,199250,0
41,79,ND,250,VS_BDD,19/05/2023,N,,,,,,,,,channel,7,246250,199000,
42,80,ND,250,VS_BDD,19/05/2023,N,,,,,,,,,channel,7,246250,198750,
43,81,ND,250,VS_BDD,19/05/2023,N,,,,,,,,,channel,7,246250,198500,
44,86,SD,250,AP_PD,21/05/2023,N,,,,,,,,,channel,7,246250,196750,
45,87,SD,250,AP_PD,21/05/2023,Y,0,0,0,0,0,0,0,0,sand,5,246250,196500,0
46,88,SE,250,AP_PD,21/05/2023,Y,0,0,0,0,0,0,0,0,sand,5,246250,196250,0
47,89,SE,250,AP_PD,21/05/2023,N,,,,,,,,,channel,7,246250,196000,
48,90,SC,250,AP_PD,21/05/2023,Y,0,0,0,0,0,0,0,0,sand,5,246250,195750,0
49,91,SC,250,AP_PD,21/05/2023,Y,0,0,0,0,0,0,0,0,sand,5,246250,195500,0
50,92,SC,250,AP_PD,21/05/2023,N,,,,,,,,,saltmarsh,1,246250,195250,
51,95,NB,250,VS_LE,19/05/2023,Y,0,0,0,0,0,0,0,0,fine_sand,4,246500,200000,0
52,96,NB,250,VS_LE,19/05/2023,Y,0,0,0,0,0,0,0,0,fine_sand,4,246500,199750,0
53,97,NC,250,VS_LE,19/05/2023,Y,0,0,0,0,0,0,0,0,fine_sand,4,246500,199500,0
54,98,NC,250,VS_LE,19/05/2023,Y,0,0,1,6,0,0,0,0,fine_sand,4,246500,199250,0
55,99,NC,250,VS_LE,19/05/2023,N,,,,,,,,,channel,7,246500,199000,
56,100,ND,250,VS_BDD,19/05/2023,N,,,,,,,,,channel,7,246500,198750,
57,101,ND,250,VS_BDD,19/05/2023,N,,,,,,,,,channel,7,246500,198500,
58,104,SD,250,AP_PD,21/05/2023,N,,,,,,,,,channel,7,246500,196750,
59,105,SD,250,AP_PD,21/05/2023,Y,0,0,0,0,0,0,0,0,sand,5,246500,196500,0
60,106,SE,250,AP_PD,21/05/2023,Y,0,0,0,0,0,0,0,0,sand,5,246500,196250,0
61,107,SE,250,AP_PD,21/05/2023,Y,0,0,0,0,2,15,3,23,sand,5,246500,196000,38
62,108,SE,250,AP_PD,21/05/2023,Y,0,0,0,0,0,0,0,0,sand,5,246500,195750,0
63,109,SG,250,AP_PD,21/05/2023,Y,0,0,1,2,0,0,0,0,sand,5,246500,195500,2
64,112,NB,250,VS_LE,19/05/2023,Y,0,0,0,0,0,0,0,0,fine_sand,4,246750,200000,0
65,113,NC,250,VS_LE,19/05/2023,Y,0,0,0,0,0,0,0,0,fine_sand,4,246750,199750,0
66,114,NC,250,VS_LE,19/05/2023,Y,0,0,0,0,0,0,0,0,fine_sand,4,246750,199500,0
67,115,NC,250,VS_LE,19/05/2023,Y,0,0,0,0,0,0,0,0,fine_sand,4,246750,199250,0
68,116,NC,250,VS_LE,19/05/2023,Y,0,0,0,0,0,0,0,0,sand,5,246750,199000,0
69,117,ND,250,VS_BDD,19/05/2023,N,,,,,,,,,channel,7,246750,198750,
70,118,ND,250,VS_BDD,19/05/2023,N,,,,,,,,,channel,7,246750,198500,
71,119,ND,250,VS_BDD,19/05/2023,N,,,,,,,,,channel,7,246750,198250,
72,121,SD,250,AP_PD,21/05/2023,N,,,,,,,,,channel,7,246750,196750,
73,122,SD,250,AP_PD,21/05/2023,Y,0,0,0,0,0,0,0,0,sand,5,246750,196500,0
74,123,SE,250,AP_PD,21/05/2023,Y,0,0,0,0,0,0,0,0,sand,5,246750,196250,0
75,124,SE,250,AP_PD,21/05/2023,Y,0,0,0,0,0,0,0,0,sand,5,246750,196000,0
76,125,SE,250,AP_PD,21/05/2023,Y,0,0,1,2,1,4,1,7,sand,5,246750,195750,11
77,126,SG,250,AP_PD,21/05/2023,Y,0,0,0,0,0,0,0,0,sand,5,246750,195500,0
78,127,SG,250,AP_PD,21/05/2023,Y,0,0,0,0,0,0,0,0,sand,5,246750,195250,0
79,128,NE,250,AP_PD,20/05/2023,Y,0,0,30,48,13,61,5,40,fine_sand,4,247000,200500,108
80,129,NC,250,VS_LE,19/05/2023,Y,0,0,0,0,0,0,0,0,sand,5,247000,199000,0
81,130,ND,250,VS_BDD,19/05/2023,N,,,,,,,,,channel,7,247000,198750,
82,131,ND,250,VS_BDD,19/05/2023,N,,,,,,,,,channel,7,247000,198500,
83,132,ND,250,VS_BDD,19/05/2023,N,,,,,,,,,channel,7,247000,198250,
84,134,SF,250,AP_PD,22/05/2023,N,,,,,,,,,channel,7,247000,196750,
85,135,SF,250,AP_PD,22/05/2023,Y,0,0,0,0,0,0,0,0,sand,5,247000,196500,0
86,136,SF,250,AP_PD,22/05/2023,Y,0,0,0,0,0,0,0,0,sand,5,247000,196250,0
87,137,SF,250,AP_PD,22/05/2023,Y,0,0,2,4,6,26,0,0,sand,5,247000,196000,23
88,138,SE,250,AP_PD,21/05/2023,Y,0,0,1,3,1,4,0,0,sand,5,247000,195750,7
89,139,SG,250,AP_PD,21/05/2023,Y,0,0,0,0,0,0,0,0,sand,5,247000,195500,0
90,142,NE,250,AP_PD,20/05/2023,Y,0,0,93,171,23,130,4,34,fine_sand,4,247250,200500,164
91,143,NE,250,AP_PD,20/05/2023,Y,0,0,8,21,3,17,15,108,fine_sand,4,247250,200250,132
92,144,NF,250,AP_PD,20/05/2023,Y,0,0,1,3,1,5,0,0,fine_sand,4,247250,200000,5
93,145,NF,250,VS_LE,19/05/2023,Y,0,0,0,0,0,0,0,0,fine_sand,4,247250,199750,0
94,146,NF,250,VS_LE,19/05/2023,Y,0,0,0,0,0,0,0,0,sand,5,247250,199500,0
95,147,NG,250,AP_PD,19/05/2023,Y,0,0,1,2,0,0,0,0,sand,5,247250,199250,2
96,148,NG,250,AP_PD,19/05/2023,Y,0,0,0,0,1,8,0,0,sand,5,247250,199000,8
97,149,NH,250,VS_BDD,19/05/2023,N,,,,,,,,,channel,7,247250,198500,
98,150,ND,250,VS_BDD,19/05/2023,N,,,,,,,,,channel,7,247250,198250,
99,152,SF,250,AP_PD,22/05/2023,N,,,,,,,,,channel,7,247250,196750,
100,153,SF,250,AP_PD,22/05/2023,Y,0,0,0,0,0,0,0,0,sand,5,247250,196500,0
101,154,SF,250,AP_PD,22/05/2023,Y,0,0,1,1,2,6,0,0,sand,5,247250,196250,6
102,155,SF,250,AP_PD,22/05/2023,Y,0,0,213,353,4,20,1,9,sand,5,247250,196000,190
103,156,SE,250,AP_PD,21/05/2023,Y,0,0,0,0,0,0,0,0,sand,5,247250,195750,0
104,157,SG,250,AP_PD,21/05/2023,Y,0,0,0,0,0,0,0,0,sand,5,247250,195500,0
105,161,NE,250,AP_PD,20/05/2023,Y,0,0,0,0,2,9,0,0,fine_sand,4,247500,200500,9
106,162,NE,250,AP_PD,20/05/2023,Y,0,0,2,3,1,7,0,0,fine_sand,4,247500,200250,7
107,163,NF,250,AP_PD,20/05/2023,Y,0,0,1,2,1,7,2,17,fine_sand,4,247500,200000,23
108,164,NF,250,VS_LE,19/05/2023,Y,0,0,2,3,1,4,0,0,fine_sand,4,247500,199750,4
109,165,NF,250,VS_LE,19/05/2023,Y,0,0,0,0,0,0,0,0,sand,5,247500,199500,0
110,166,NG,250,AP_PD,19/05/2023,Y,0,0,0,0,0,0,0,0,sand,5,247500,199250,0
111,167,NG,250,AP_PD,19/05/2023,Y,0,0,4,10,1,5,3,19,sand,5,247500,199000,34
112,168,NH,250,VS_BDD,19/05/2023,Y,0,0,2,3,1,4,0,0,sand,5,247500,198750,5
113,169,NH,250,VS_BDD,19/05/2023,N,,,,,,,,,channel,7,247500,198500,
114,170,NH,250,VS_BDD,19/05/2023,N,,,,,,,,,channel,7,247500,198250,
115,171,NM,250,VS_LE,17/05/2023,N,,,,,,,,,channel,7,247500,198000,
116,172,NO,250,AP_VS,18/05/2023,N,,,,,,,,,channel,7,247500,197250,
117,173,SF,250,AP_PD,22/05/2023,Y,0,0,1,1,0,0,0,0,sand,5,247500,196500,0
118,174,SH,250,AP_PD,22/05/2023,Y,0,0,107,214,67,268,19,131,sand,5,247500,196250,476
119,175,SH,250,AP_PD,22/05/2023,Y,0,0,2,5,5,27,1,10,sand,5,247500,196000,38
120,176,SI,250,AP_PD,22/05/2023,Y,0,0,0,0,0,0,0,0,sand,5,247500,195750,0
121,177,SG,250,AP_PD,21/05/2023,Y,0,0,0,0,0,0,0,0,sand,5,247500,195500,0
122,182,NE,250,AP_PD,20/05/2023,Y,0,0,39,53,6,19,6,39,fine_sand,4,247750,200500,58
123,183,NE,250,AP_PD,20/05/2023,Y,0,0,1,3,3,11,2,11,fine_sand,4,247750,200250,22
124,184,NI,250,AP_PD,20/05/2023,Y,0,0,40,72,20,72,4,33,fine_sand,4,247750,200000,105
125,185,NF,250,VS_LE,19/05/2023,Y,0,0,81,125,31,112,10,75,fine_sand,4,247750,199750,166
126,186,NF,250,VS_LE,19/05/2023,Y,0,0,1,1,0,0,0,0,fine_sand,4,247750,199500,0
127,187,NG,250,AP_PD,19/05/2023,Y,0,0,1,2,1,5,0,0,sand,5,247750,199250,7
128,188,NG,250,AP_PD,19/05/2023,Y,0,0,22,29,7,30,0,0,sand,5,247750,199000,32
129,189,NH,250,AP_PD,19/05/2023,Y,0,0,10,18,0,0,0,0,sand,5,247750,198750,11
130,190,NH,250,VS_BDD,19/05/2023,N,,,,,,,,,channel,7,247750,198500,
131,191,NM,250,VS_LE,17/05/2023,N,,,,,,,,,channel,7,247750,198000,
132,192,NO,250,AP_VS,18/05/2023,N,,,,,,,,,channel,7,247750,197250,
133,193,NO,250,AP_VS,18/05/2023,N,,,,,,,,,channel,7,247750,197000,
134,194,SH,250,AP_PD,22/05/2023,Y,0,0,188,332,10,55,0,0,sand,5,247750,196250,160
135,195,SH,250,AP_PD,22/05/2023,Y,0,0,70,134,2,8,0,0,sand,5,247750,196000,61
136,196,SI,250,AP_PD,22/05/2023,Y,0,0,0,0,0,0,0,0,sand,5,247750,195750,0
137,197,SJ,250,AP_PD,22/05/2023,Y,0,0,0,0,0,0,0,0,sand,5,247750,195500,0
138,198,SK,250,AP_PD,22/05/2023,Y,0,0,0,0,0,0,0,0,sand,5,247750,195250,0
139,202,NE,250,AP_PD,20/05/2023,Y,0,0,3,4,0,0,0,0,fine_sand,4,248000,200500,0
140,203,NE,250,AP_PD,20/05/2023,Y,0,0,121,142,13,40,3,15,fine_sand,4,248000,200250,51
141,204,NI,250,AP_PD,20/05/2023,Y,0,0,96,143,9,37,1,6,fine_sand,4,248000,200000,44
142,205,NI,250,VS_LE,19/05/2023,Y,0,0,230,242,29,83,0,0,muddy_sand,3,248000,199750,52
143,206,NI,250,VS_LE,19/05/2023,Y,0,0,112,134,20,52,3,18,muddy_sand,3,248000,199500,58
144,207,NG,250,AP_PD,19/05/2023,Y,0,0,107,112,15,45,4,21,sand,5,248000,199250,59
145,208,NG,250,VS_BDD,19/05/2023,Y,0,0,1,1,0,0,0,0,sand,5,248000,199000,0
146,209,NH,250,VS_BDD,19/05/2023,Y,0,0,170,240,22,70,4,20,sand,5,248000,198750,77
147,210,NH,250,VS_BDD,19/05/2023,Y,0,0,1,2,0,0,0,0,sand,5,248000,198500,0
148,211,NH,250,VS_BDD,19/05/2023,N,,,,,,,,,channel,7,248000,198250,
149,212,NM,250,VS_LE,17/05/2023,N,,,,,,,,,channel,7,248000,198000,
150,213,NO,250,AP_VS,18/05/2023,N,,,,,,,,,channel,7,248000,197250,
151,214,NO,250,AP_VS,18/05/2023,N,,,,,,,,,channel,7,248000,197000,
152,215,SH,250,AP_PD,22/05/2023,Y,0,0,12,15,14,50,0,0,sand,5,248000,196250,54
153,216,SH,250,AP_PD,22/05/2023,Y,0,0,11,19,3,19,0,0,sand,5,248000,196000,24
154,217,SI,250,AP_PD,22/05/2023,Y,0,0,,,,,,,sand,5,248000,195750,0
155,218,SJ,250,AP_PD,22/05/2023,Y,0,0,0,0,0,0,0,0,sand,5,248000,195500,0
156,219,SK,250,AP_PD,22/05/2023,Y,0,0,0,0,0,0,0,0,sand,5,248000,195250,0
157,220,SK,250,AP_PD,22/05/2023,Y,0,0,0,0,0,0,0,0,sand,5,248000,195000,0
158,223,NE,250,AP_PD,20/05/2023,Y,0,0,69,70,9,20,2,11,fine_sand,4,248250,200250,23
159,224,NI,250,AP_PD,20/05/2023,Y,0,0,67,64,5,19,0,0,fine_sand,4,248250,200000,17
160,225,NI,250,VS_LE,19/05/2023,Y,0,0,78,87,2,7,1,5,muddy_sand,3,248250,199750,11
161,226,NJ,250,AP_PD,19/05/2023,Y,0,0,62,56,25,68,5,26,muddy_sand,3,248250,199500,68
162,227,NJ,250,AP_PD,19/05/2023,Y,0,0,22,23,119,261,11,65,sand,5,248250,199250,134
163,228,NG,250,VS_BDD,19/05/2023,Y,0,0,67,80,43,110,1,5,muddy_sand,3,248250,199000,98
164,229,NH,250,VS_BDD,19/05/2023,Y,0,0,2,2,0,0,0,0,sand,5,248250,198750,0
165,230,NL,250,AP_PD,17/05/2023,Y,0,0,38,60,56,191,4,21,sand,5,248250,198500,199
166,231,NL,250,AP_PD,17/05/2023,Y,0,0,0,0,0,0,0,0,sand,5,248250,198250,0
167,232,NM,250,VS_LE,17/05/2023,Y,0,0,0,0,0,0,0,0,sand,5,248250,198000,0
168,233,NO,250,AP_VS,18/05/2023,N,,,,,,,,,channel,7,248250,197250,
169,234,NO,250,AP_VS,18/05/2023,N,,,,,,,,,channel,7,248250,197000,
170,235,SH,250,AP_PD,22/05/2023,Y,0,0,41,48,54,149,0,0,sand,5,248250,196000,125
171,236,SI,250,VS_LE,22/05/2023,Y,0,0,7,4,1,7,0,0,fine_sand,4,248250,195750,7
172,237,SJ,250,VS_LE,22/05/2023,Y,0,0,1,2,0,0,0,0,fine_sand,4,248250,195500,2
173,238,SK,250,VS_LE,22/05/2023,Y,0,0,3,3,0,0,0,0,fine_sand,4,248250,195250,0
174,239,SK,250,VS_LE,22/05/2023,Y,0,0,0,0,0,0,0,0,fine_sand,4,248250,195000,0
175,242,NE,250,AP_PD,20/05/2023,Y,0,0,76,98,34,86,0,0,fine_sand,4,248500,200250,62
176,243,NI,250,AP_PD,20/05/2023,Y,0,0,5,7,1,3,0,0,fine_sand,4,248500,200000,3
177,244,NI,250,VS_LE,19/05/2023,Y,0,0,35,29,6,15,0,0,muddy_sand,3,248500,199750,9
178,245,NJ,250,AP_PD,19/05/2023,Y,0,0,16,13,10,22,2,11,muddy_sand,3,248500,199500,24
179,246,NJ,250,AP_PD,19/05/2023,Y,0,0,65,73,29,62,4,23,sand,5,248500,199250,36
180,247,NG,250,VS_BDD,19/05/2023,Y,0,0,18,24,27,65,0,0,muddy_sand,3,248500,199000,38
181,248,NH,250,VS_BDD,19/05/2023,Y,0,0,67,88,17,54,2,16,muddy_sand,3,248500,198750,67
182,249,NL,250,AP_PD,17/05/2023,Y,0,0,139,144,10,31,3,18,sand,5,248500,198500,36
183,250,NL,250,AP_PD,17/05/2023,Y,0,0,34,84,7,37,0,0,sand,5,248500,198250,83
184,251,NM,250,VS_LE,17/05/2023,Y,0,0,0,0,0,0,0,0,sand,5,248500,198000,0
185,252,NO,250,AP_VS,18/05/2023,N,,,,,,,,,channel,7,248500,197250,
186,253,NO,250,AP_VS,18/05/2023,N,,,,,,,,,channel,7,248500,197000,
187,254,NO,250,AP_VS,18/05/2023,N,,,,,,,,,channel,7,248500,196750,
188,255,SH,250,AP_PD,22/05/2023,Y,0,0,51,57,8,24,0,0,sand,5,248500,196000,24
189,256,SI,250,VS_LE,22/05/2023,Y,0,0,2,1,1,3,0,0,fine_sand,4,248500,195750,3
190,257,SK,250,VS_LE,22/05/2023,Y,0,0,0,0,0,0,0,0,fine_sand,4,248500,195000,0
191,258,SK,250,VS_LE,22/05/2023,Y,0,0,0,0,0,0,0,0,fine_sand,4,248500,194750,0
192,261,NE,250,AP_PD,20/05/2023,Y,0,0,36,42,36,126,0,0,fine_sand,4,248750,200250,132
193,262,NI,250,AP_PD,20/05/2023,Y,0,0,47,41,6,14,0,0,fine_sand,4,248750,200000,10
194,263,NI,250,VS_LE,19/05/2023,Y,0,0,1,1,1,4,0,0,sand,5,248750,199750,4
195,264,NJ,250,AP_PD,19/05/2023,Y,0,0,1,1,0,0,0,0,sand,5,248750,199500,0
196,265,NJ,250,AP_PD,19/05/2023,Y,0,0,2,3,1,5,0,0,sand,5,248750,199250,0
197,266,NK,250,AP_PD,17/05/2023,Y,0,0,60,77,12,32,2,10,sand,5,248750,199000,38
198,267,NK,250,AP_PD,17/05/2023,Y,0,0,0,0,4,13,0,0,sand,5,248750,198750,8
199,268,NL,250,AP_PD,17/05/2023,Y,0,0,53,68,12,37,4,23,sand,5,248750,198500,62
200,269,NM,250,VS_LE,17/05/2023,Y,0,0,0,0,0,0,0,0,fine_sand,4,248750,198000,0
201,270,NP,250,AP_VS,18/05/2023,N,,,,,,,,,channel,7,248750,197250,
202,271,NP,250,AP_VS,18/05/2023,N,,,,,,,,,channel,7,248750,197000,
203,272,NP,250,AP_VS,18/05/2023,N,,,,,,,,,channel,7,248750,196750,
204,273,SH,250,AP_PD,22/05/2023,Y,0,0,40,45,4,17,0,0,sand,5,248750,196000,17
205,274,SI,250,VS_LE,22/05/2023,Y,0,0,37,24,1,1,0,0,fine_sand,4,248750,195750,1
206,275,SK,250,VS_LE,22/05/2023,Y,0,0,10,3,0,0,0,0,fine_sand,4,248750,195000,0
207,276,SK,250,VS_LE,22/05/2023,Y,0,0,0,0,0,0,0,0,fine_sand,4,248750,194750,0
208,278,NE,250,AP_PD,20/05/2023,Y,0,0,29,32,0,0,0,0,fine_sand,4,249000,200250,3
209,279,NJ,250,AP_PD,19/05/2023,Y,0,0,0,0,0,0,0,0,sand,5,249000,199750,0
210,280,NJ,250,AP_PD,19/05/2023,Y,0,0,0,0,0,0,0,0,sand,5,249000,199500,0
211,281,NK,250,AP_PD,17/05/2023,Y,0,0,0,0,0,0,0,0,sand,5,249000,199250,0
212,282,NK,250,AP_PD,17/05/2023,Y,0,0,5,5,5,13,0,0,sand,5,249000,199000,13
213,283,NK,250,AP_PD,17/05/2023,Y,0,0,2,2,2,4,0,0,sand,5,249000,198750,0
214,284,NL,250,AP_PD,17/05/2023,Y,0,0,15,21,8,28,1,6,sand,5,249000,198500,34
215,285,NL,250,AP_PD,17/05/2023,Y,0,0,45,82,10,39,1,8,sand,5,249000,198250,59
216,286,NM,250,VS_LE,17/05/2023,Y,0,0,9,21,13,83,5,53,fine_sand,4,249000,198000,154
217,287,NP,250,AP_VS,18/05/2023,Y,0,0,5,17,1,12,0,0,sand,5,249000,197250,27
218,288,NP,250,AP_VS,18/05/2023,Y,0,0,0,0,1,4,0,0,sand,5,249000,197000,0
219,289,NP,250,AP_VS,18/05/2023,N,,,,,,,,,channel,7,249000,196750,
220,290,SH,250,VS_LE,22/05/2023,Y,0,0,271,340,83,194,1,7,fine_sand,4,249000,196000,185
221,291,SI,250,VS_LE,22/05/2023,Y,0,0,57,44,22,48,3,19,fine_sand,4,249000,195750,57
222,292,SJ,250,VS_LE,22/05/2023,Y,0,0,2,1,0,0,0,0,fine_sand,4,249000,195500,0
223,293,SJ,250,VS_LE,22/05/2023,Y,0,0,0,0,0,0,0,0,fine_sand,4,249000,195250,0
224,294,SL,250,VS_BD,15/05/2023,Y,0,0,0,0,0,0,0,0,sand,5,249000,195000,0
225,298,NJ,250,AP_PD,19/05/2023,Y,0,0,0,0,0,0,0,0,sand,5,249225,199475,0
226,299,NI,250,AP_PD,20/05/2023,Y,0,0,2,2,0,0,0,0,fine_sand,4,249250,200000,0
227,300,NJ,250,AP_PD,19/05/2023,Y,0,0,6,10,9,33,1,5,sand,5,249250,199750,44
228,301,NK,250,AP_PD,17/05/2023,Y,0,0,1,1,0,0,0,0,sand,5,249250,199250,0
229,302,NK,250,AP_PD,17/05/2023,Y,0,0,1,1,0,0,0,0,sand,5,249250,199000,0
230,303,NK,250,AP_PD,17/05/2023,Y,0,0,2,3,0,0,0,0,sand,5,249250,198750,0
231,304,NL,250,AP_PD,17/05/2023,Y,0,0,7,7,10,29,0,0,sand,5,249250,198500,23
232,305,NL,250,AP_PD,17/05/2023,Y,0,0,5,5,0,0,0,0,sand,5,249250,198250,0
233,306,NM,250,VS_LE,17/05/2023,Y,0,0,188,271,10,34,2,11,fine_sand,4,249250,198000,45
234,307,NM,250,VS_LE,17/05/2023,Y,0,0,3,7,1,6,2,18,fine_sand,4,249250,197750,31
235,308,NP,250,AP_VS,18/05/2023,Y,0,0,0,0,0,0,0,0,sand,5,249250,197250,0
236,309,NP,250,AP_VS,18/05/2023,Y,0,0,2,7,0,0,0,0,sand,5,249250,197000,7
237,310,NP,250,AP_VS,18/05/2023,Y,0,0,0,0,1,5,0,0,sand,5,249250,196750,5
238,311,SM,250,VS_BD,15/05/2023,Y,0,0,261,212,41,105,5,21,mud,2,249250,196000,95
239,312,SI,250,VS_LE,22/05/2023,Y,0,0,92,52,140,269,3,14,fine_sand,4,249250,195750,96
240,313,SN,250,VS_BD,15/05/2023,Y,0,0,1,1,0,0,0,0,muddy_sand,3,249250,195500,0
241,314,SJ,250,VS_LE,22/05/2023,Y,0,0,1,1,3,6,0,0,fine_sand,4,249250,195250,1
242,315,SL,250,VS_BD,15/05/2023,Y,0,0,0,0,0,0,0,0,mud,2,249250,195000,0
243,316,SL,250,VS_BD,15/05/2023,N,,,,,,,,,saltmarsh,1,249250,194750,0
244,317,NJ,250,AP_PD,19/05/2023,Y,0,0,1,4,1,4,0,0,sand,5,249500,199500,4
245,318,NK,250,AP_PD,17/05/2023,Y,0,0,15,14,2,7,0,0,sand,5,249500,199250,9
246,319,NK,250,AP_PD,17/05/2023,Y,0,0,43,45,2,7,0,0,sand,5,249500,199000,9
247,320,NL,250,AP_PD,17/05/2023,Y,0,0,52,85,19,53,6,34,sand,5,249500,198250,81
248,321,NM,250,VS_LE,17/05/2023,Y,0,0,0,0,0,0,0,0,muddy_sand,3,249500,198000,0
249,322,NN,250,VS_LE,17/05/2023,Y,0,0,8,17,0,0,0,0,fine_sand,4,249500,197750,13
250,323,NN,250,VS_LE,17/05/2023,N,,,,,,,,,channel,7,249500,197500,
251,324,NQ,250,AP_VS,18/05/2023,Y,0,0,5,11,3,16,1,8,sand,5,249500,197000,33
252,325,NP,250,AP_VS,18/05/2023,Y,0,0,1,6,1,5,0,0,sand,5,249500,196750,11
253,326,SM,250,AP_PD,15/05/2023,N,,,,,,,,,channel,7,249500,196250,
254,327,SM,250,VS_BD,15/05/2023,Y,0,0,8,8,2,5,1,3,mud,2,249500,196000,10
255,328,SI,250,VS_LE,22/05/2023,Y,0,0,2,3,0,0,0,0,fine_sand,4,249500,195750,0
256,329,SN,250,VS_BD,15/05/2023,Y,0,0,3,3,0,0,0,0,sand,5,249500,195500,0
257,330,SN,250,VS_BD,15/05/2023,Y,0,0,0,0,0,0,0,0,muddy_sand,3,249500,195250,0
258,331,SL,250,VS_BD,15/05/2023,Y,0,0,0,0,0,0,0,0,sand,5,249500,195000,0
259,332,SL,250,VS_BD,15/05/2023,N,,,,,,,,,saltmarsh,1,249500,194750,
260,333,NN,250,VS_LE,17/05/2023,Y,0,0,3,3,1,3,0,0,muddy_sand,3,249750,198500,3
261,334,NN,250,VS_LE,17/05/2023,Y,0,0,10,11,2,6,0,0,fine_sand,4,249750,198000,6
262,335,NN,250,VS_LE,17/05/2023,Y,0,0,86,101,8,26,2,11,fine_sand,4,249750,197750,36
263,336,NN,250,VS_LE,17/05/2023,N,,,,,,,,,channel,7,249750,197500,
264,337,NQ,250,AP_VS,18/05/2023,Y,0,0,2,6,0,0,0,0,sand,5,249750,197250,0
265,338,NQ,250,AP_VS,18/05/2023,Y,0,0,11,20,2,14,0,0,sand,5,249750,197000,14
266,339,NQ,250,AP_VS,18/05/2023,Y,0,0,1,6,0,0,0,0,sand,5,249750,196750,6
267,340,SM,250,AP_PD,15/05/2023,N,,,,,,,,,channel,7,249750,196250,
268,341,SM,250,VS_BD,15/05/2023,Y,0,0,2,2,0,0,0,0,mud,2,249750,196000,0
269,342,SI,250,VS_LE,22/05/2023,Y,0,0,9,7,0,0,0,0,fine_sand,4,249750,195750,0
270,343,SN,250,VS_BD,15/05/2023,Y,0,0,1,1,0,0,0,0,sand,5,249750,195500,0
271,344,NN,250,VS_LE,17/05/2023,Y,0,0,1,2,0,0,0,0,muddy_sand,3,250000,198250,2
272,345,NN,250,VS_LE,17/05/2023,Y,0,0,9,11,0,0,0,0,sand,5,250000,198000,0
273,346,NN,250,VS_LE,17/05/2023,Y,0,0,0,0,0,0,0,0,sand,5,250000,197750,0
274,347,NR,250,AP_VS,18/05/2023,Y,0,0,0,0,0,0,0,0,sand,5,250000,197500,0
275,348,NQ,250,AP_VS,18/05/2023,N,,,,,,,,,channel,7,250000,197250,
276,349,NQ,250,AP_VS,18/05/2023,Y,0,0,38,74,3,26,0,0,sand,5,250000,197000,45
277,350,NQ,250,AP_VS,18/05/2023,Y,0,0,7,15,0,0,0,0,sand,5,250000,196750,11
278,351,SM,250,VS_BD,15/05/2023,Y,0,0,0,0,1,4,0,0,sand,5,250000,196000,4
279,352,SM,250,VS_BD,15/05/2023,Y,0,0,308,357,31,101,0,0,mud,2,250000,195750,101
280,353,SN,250,VS_BD,15/05/2023,Y,0,0,23,48,7,18,0,0,muddy_sand,3,250000,195500,18
281,354,NN,250,VS_LE,17/05/2023,Y,0,0,0,0,0,0,0,0,sand,5,250250,198000,0
282,355,NN,250,VS_LE,17/05/2023,Y,0,0,7,11,0,0,0,0,sand,5,250250,197750,5
283,356,NR,250,AP_VS,18/05/2023,Y,0,0,4,6,0,0,0,0,sand,5,250250,197500,0
284,357,NR,250,AP_VS,18/05/2023,N,,,,,,,,,channel,7,250250,197250,
285,358,NQ,250,AP_VS,18/05/2023,Y,0,0,57,110,1,6,0,0,sand,5,250250,196750,46
286,359,SO,250,AP_PD,15/05/2023,Y,0,0,0,0,0,0,0,0,sand,5,250250,196250,0
287,360,SM,250,VS_BD,15/05/2023,Y,0,0,510,689,37,164,0,0,mud,2,250250,196000,170
288,361,SM,250,VS_BD,15/05/2023,Y,0,0,130,212,2,9,1,5,sand,5,250250,195750,28
289,362,SN,250,VS_BD,15/05/2023,Y,0,0,125,138,3,12,0,0,muddy_sand,3,250250,195500,12
290,364,NN,250,VS_LE,17/05/2023,Y,0,0,1,1,0,0,0,0,sand,5,250500,197750,0
291,365,NR,250,AP_VS,18/05/2023,Y,0,0,2,2,18,37,1,5,sand,5,250500,197500,25
292,366,NR,250,AP_VS,18/05/2023,Y,0,0,0,0,0,0,0,0,sand,5,250500,197250,0
293,367,NR,250,AP_VS,18/05/2023,N,,,,,,,,,channel,7,250500,197000,
294,368,SO,250,AP_PD,15/05/2023,N,,,,,,,,,channel,7,250500,196250,
295,369,SO,250,AP_PD,15/05/2023,Y,0,0,148,258,20,102,1,8,fine_sand,4,250500,196000,115
296,370,SM,250,AP_PD,15/05/2023,Y,0,0,28,31,13,26,0,0,sand,5,250500,195750,20
297,371,SN,250,AP_PD,15/05/2023,Y,0,0,8,5,3,7,0,0,sand,5,250500,195500,3
298,372,SN,250,AP_PD,15/05/2023,Y,0,0,2,2,0,0,0,0,sand,5,250500,195250,0
299,373,NR,250,AP_VS,18/05/2023,Y,0,0,0,0,0,0,1,5,sand,5,250750,197500,5
300,374,NR,250,AP_VS,18/05/2023,Y,0,0,19,23,81,143,0,0,sand,5,250750,197250,18
301,375,NR,250,AP_VS,18/05/2023,Y,0,0,2,3,2,6,0,0,sand,5,250750,197000,3
302,376,SO,250,AP_PD,15/05/2023,N,,,,,,,,,channel,7,250750,196250,
303,377,SO,250,AP_PD,15/05/2023,Y,0,0,230,467,66,428,0,0,muddy_sand,3,250750,196000,574
304,378,SP,250,AP_PD,15/05/2023,Y,0,0,108,98,40,93,0,0,fine_sand,4,250750,195750,60
305,379,SP,250,AP_PD,15/05/2023,Y,0,0,5,2,0,0,0,0,sand,5,250750,195500,0
306,380,SP,250,AP_PD,15/05/2023,Y,0,0,0,0,0,0,0,0,sand,5,250750,195250,0
307,381,NR,250,AP_VS,18/05/2023,Y,0,0,13,8,7,14,1,6,sand,5,251000,197250,10
308,382,NR,250,AP_VS,18/05/2023,Y,0,0,71,100,3,11,0,0,sand,5,251000,197000,12
309,383,SO,250,AP_PD,15/05/2023,Y,0,0,0,0,0,0,0,0,sand,5,251000,196250,0
310,384,SO,250,AP_PD,15/05/2023,Y,0,0,102,144,2,8,0,0,sand,5,251000,196000,8
311,385,SP,250,AP_PD,15/05/2023,Y,0,0,76,37,46,68,1,4,sand,5,251000,195750,27
312,386,SP,250,AP_PD,15/05/2023,Y,0,0,10,16,0,0,0,0,sand,5,251000,195500,14
313,387,SP,250,AP_PD,15/05/2023,Y,0,0,2,2,0,0,0,0,sand,5,251000,195250,0
314,388,NS,250,LE_PD,18/05/2023,Y,0,0,8,7,0,0,0,0,sand,5,251250,197250,0
315,389,NS,250,LE_PD,18/05/2023,Y,0,0,6,6,1,3,0,0,sand,5,251250,197000,3
316,390,SO,250,AP_PD,15/05/2023,Y,0,0,2,4,1,3,0,0,sand,5,251250,196250,3
317,391,SO,250,AP_PD,15/05/2023,Y,0,0,168,226,69,247,0,0,muddy_sand,3,251250,196000,204
318,392,SP,250,AP_PD,15/05/2023,Y,0,0,12,17,6,16,0,0,sand,5,251250,195750,14
319,393,SP,250,AP_PD,15/05/2023,Y,0,0,4,1,1,2,0,0,sand,5,251250,195500,2
320,394,NS,250,LE_PD,18/05/2023,Y,0,0,0,0,0,0,0,0,sand,5,251500,197250,0
321,395,SO,250,AP_PD,15/05/2023,Y,0,0,77,96,0,0,0,0,sand,5,251500,196000,0
322,396,SP,250,AP_PD,15/05/2023,Y,0,0,59,62,2,6,0,0,muddy_sand,3,251500,195750,14
323,398,NS,250,LE_PD,18/05/2023,Y,0,0,0,0,0,0,0,0,muddy_sand,3,251750,197250,0
324,399,NS,250,LE_PD,18/05/2023,Y,0,0,1,1,100,202,0,0,sand,5,251750,197000,10
325,400,SO,250,AP_PD,15/05/2023,Y,0,0,18,16,0,0,0,0,sand,5,251750,196000,0
326,401,SP,250,AP_PD,15/05/2023,Y,0,0,125,138,3,12,0,0,fine_sand,4,251750,195750,12
327,402,SP,250,AP_PD,15/05/2023,Y,0,0,0,0,0,0,0,0,saltmarsh,1,251750,195500,0
328,404,NS,250,LE_PD,18/05/2023,Y,0,0,4,6,2,7,0,0,fine_sand,4,252000,197250,7
329,406,SO,250,AP_PD,15/05/2023,Y,0,0,329,262,5,17,0,0,fine_sand,4,252000,196000,17
330,407,NS,250,LE_PD,18/05/2023,Y,0,0,16,30,2,8,0,0,muddy_sand,3,252250,197250,20
331,409,NS,250,LE_PD,18/05/2023,Y,0,0,25,25,0,0,0,0,sand,5,252500,197250,10
332,410,SQ,250,VS_S,13/05/2023,Y,0,0,9,13,2,12,1,13,fine_sand,4,252500,196250,26
333,412,NS,250,LE_PD,18/05/2023,Y,0,0,58,78,2,11,4,25,fine_sand,4,252750,197250,48
334,413,NS,250,LE_PD,18/05/2023,Y,0,0,1,2,2,5,1,10,sand,5,252750,196750,15
335,414,SQ,250,VS_S,13/05/2023,Y,0,0,0,0,0,0,0,0,fine_sand,4,252750,196500,0
336,415,SQ,250,VS_S,13/05/2023,Y,0,0,0,0,0,0,0,0,fine_sand,4,252750,196250,0
337,417,NS,250,LE_PD,18/05/2023,Y,0,0,44,42,10,40,0,0,fine_sand,4,253000,197250,40
338,418,SQ,250,VS_S,13/05/2023,N,,,,,,,,,channel,7,253000,196750,
339,419,SQ,250,VS_S,13/05/2023,Y,0,0,0,0,0,0,0,0,fine_sand,4,253000,196500,0
340,420,SQ,250,VS_S,13/05/2023,Y,0,0,0,0,0,0,0,0,fine_sand,4,253000,196250,0
341,422,NS,250,LE_PD,18/05/2023,Y,0,0,0,0,0,0,0,0,sand,5,253250,197000,0
342,423,SQ,250,VS_S,13/05/2023,N,,,,,,,,,channel,7,253250,196750,
343,424,SQ,250,VS_S,13/05/2023,Y,0,0,0,0,0,0,0,0,fine_sand,4,253250,196500,0
344,425,SQ,250,VS_S,13/05/2023,Y,0,0,5,7,0,0,0,0,fine_sand,4,253250,196250,2
345,426,NS,250,LE_PD,18/05/2023,Y,0,0,2,3,0,0,0,0,sand,5,253500,197000,0
346,427,SR,250,VS_S,13/05/2023,N,,,,,,,,,channel,7,253500,196750,
347,428,SR,250,VS_S,13/05/2023,Y,0,0,0,0,0,0,0,0,fine_sand,4,253500,196500,0
348,429,SR,250,VS_S,13/05/2023,N,,,,,,,,,channel,7,253750,197000,
349,430,SR,250,VS_S,13/05/2023,N,,,,,,,,,channel,7,253750,196750,
350,431,SR,250,VS_S,13/05/2023,N,,,,,,,,,channel,7,254000,197250,
351,432,SR,250,VS_S,13/05/2023,N,,,,,,,,,channel,7,254000,197000,
352,433,SR,250,VS_S,13/05/2023,N,,,,,,,,,channel,7,254000,196750,
353,434,SR,250,VS_S,13/05/2023,N,,,,,,,,,channel,7,254250,197250,
354,435,SR,250,VS_S,13/05/2023,N,,,,,,,,,channel,7,254250,197000,
355,436,SR,250,VS_S,13/05/2023,N,,,,,,,,,channel,7,254500,197250,
356,445,NF,250,AP_PD,20/05/2023,Y,0,0,0,0,0,0,0,0,fine_sand,4,247000,200000,0
357,446,NF,250,VS_LE,19/05/2023,Y,0,0,0,0,0,0,0,0,fine_sand,4,247000,199750,0
358,447,NC,250,VS_LE,19/05/2023,Y,0,0,0,0,0,0,0,0,fine_sand,4,247000,199500,0
359,448,NC,250,VS_LE,19/05/2023,Y,0,0,0,0,0,0,0,0,fine_sand,4,247000,199250,0
360,449,NH,250,VS_BDD,19/05/2023,Y,0,0,0,0,0,0,0,0,sand,5,247250,198750,0
361,450,NH,250,VS_BDD,19/05/2023,N,,,,,,,,,channel,7,247750,198250,
362,451,NI,250,AP_PD,20/05/2023,Y,0,0,1,2,0,0,0,0,fine_sand,4,249000,200000,0
363,452,NK,250,AP_PD,17/05/2023,Y,0,0,3,3,3,11,0,0,sand,5,249500,198750,11
364,453,NL,250,AP_PD,17/05/2023,Y,0,0,21,33,21,63,2,12,sand,5,249500,198500,69
365,454,NN,250,VS_LE,17/05/2023,Y,0,0,10,11,5,11,1,4,fine_sand,4,249750,198250,13
366,455,NL,250,AP_PD,17/05/2023,Y,0,0,127,227,10,36,4,31,sand,5,248750,198250,67
367,458,NQ,250,AP_VS,18/05/2023,Y,0,0,24,43,2,10,1,12,sand,5,249500,197250,25
368,459,NS,250,LE_PD,18/05/2023,Y,0,0,5,10,0,0,0,0,sand,5,251500,197000,0
369,460,NQ,250,AP_VS,18/05/2023,Y,0,0,32,64,0,0,0,0,sand,5,250500,196750,14
370,461,NR,250,AP_VS,18/05/2023,N,,,,,,,,,channel,7,250750,196750,
371,462,NR,250,AP_VS,18/05/2023,N,,,,,,,,,channel,7,251000,196750,
372,463,NS,250,LE_PD,18/05/2023,N,,,,,,,,,channel,7,251250,196750,
373,464,NS,250,LE_PD,18/05/2023,N,,,,,,,,,channel,7,251500,196750,
374,469,SC,250,VS,21/05/2023,Y,0,0,1,4,0,0,0,0,muddy_sand,3,246000,196000,4
375,470,SJ,250,VS_LE,22/05/2023,Y,0,0,9,5,8,15,0,0,fine_sand,4,248500,195500,8
376,471,SJ,250,VS_LE,22/05/2023,Y,0,0,18,8,0,0,0,0,fine_sand,4,248750,195500,0
377,472,SJ,250,VS_LE,22/05/2023,Y,0,0,1,1,0,0,0,0,fine_sand,4,248500,195250,0
378,473,SJ,250,VS_LE,22/05/2023,Y,0,0,9,2,0,0,0,0,fine_sand,4,248750,195250,0
379,474,SL,250,VS_BD,15/05/2023,N,,,,,,,,,saltmarsh,1,249000,194750,
380,475,SN,250,VS_BD,15/05/2023,Y,0,0,0,0,1,3,0,0,sand,5,249750,195250,3
381,476,SN,250,VS_BD,15/05/2023,Y,0,0,0,0,0,0,0,0,muddy_sand,3,250000,195250,0
382,477,SN,250,VS_BD,15/05/2023,Y,0,0,4,5,1,5,0,0,muddy_sand,3,250250,195250,5
383,478,SP,250,AP_PD,15/05/2023,Y,0,0,0,0,0,0,0,0,saltmarsh,1,251500,195500,0
384,479,SM,250,AP_PD,15/05/2023,N,,,,,,,,,channel,7,250000,196250,
385,480,SQ,250,VS_S,13/05/2023,Y,0,0,5,6,1,4,2,16,fine_sand,4,252250,196250,20
386,481,SQ,250,VS_S,13/05/2023,Y,0,0,1,1,0,0,0,0,fine_sand,4,252500,196500,0
387,482,NQ,250,AP_VS,18/05/2023,Y,0,0,7,15,2,17,0,0,sand,5,250250,197000,20
388,483,SL,250,VS_BD,15/05/2023,N,,,,,,,,,saltmarsh,1,249500,194500,
389,484,SL,250,VS_BD,15/05/2023,Y,0,0,0,0,0,0,0,0,sand,5,249750,195000,0
390,485,SL,250,VS_BD,15/05/2023,N,,,,,,,,,saltmarsh,1,249750,194750,
391,486,SL,250,VS_BD,15/05/2023,N,,,,,,,,,saltmarsh,1,249750,194500,
392,487,SL,250,VS_BD,15/05/2023,N,,,,,,,,,saltmarsh,1,250000,195000,
393,488,SL,250,VS_BD,15/05/2023,N,,,,,,,,,saltmarsh,1,250000,194750,
394,1400,NS,250,LE_PD,18/05/2023,N,,,,,,,,,channel,7,251750,196750,
395,1405,NS,250,LE_PD,18/05/2023,Y,0,0,26,26,54,95,0,0,sand,5,252000,197000,10
396,1406,NS,250,LE_PD,18/05/2023,N,,,,,,,,,channel,7,252000,196750,
397,1408,NS,250,LE_PD,18/05/2023,Y,0,0,121,116,22,66,0,0,sand,5,252250,197000,60
398,1409,NS,250,LE_PD,18/05/2023,N,,,,,,,,,channel,7,252250,196750,
399,1410,NS,250,LE_PD,18/05/2023,Y,0,0,2,1,0,0,0,0,sand,5,252500,197000,0
400,1411,NS,250,LE_PD,18/05/2023,Y,0,0,2,3,0,0,0,0,sand,5,252500,196750,0
401,1413,NS,250,LE_PD,18/05/2023,Y,0,0,200,296,4,17,0,0,sand,5,252750,197000,17
402,1420,NS,250,LE_PD,18/05/2023,Y,0,0,36,66,3,17,0,0,sand,5,253000,197000,31
403,a1,ZN,100,VS_S,14/05/2023,Y,0,0,0,0,0,0,0,0,sand,5,247700,199300,0
404,a2,ZN,100,VS_S,14/05/2023,Y,0,0,1,1,0,0,0,0,sand,5,247800,199300,0
405,a3,ZN,100,VS_S,14/05/2023,Y,0,0,10,6,1,2,0,0,sand,5,247900,199300,2
406,a4,ZN,100,VS_S,14/05/2023,Y,0,0,157,156,7,27,0,0,sand,5,248000,199300,275
407,a5,ZN,100,AP_PD,14/05/2023,Y,0,0,78,97,51,103,17,79,muddy_sand,3,248100,199300,182
408,a6,ZN,100,AP_PD,14/05/2023,Y,0,0,39,50,41,105,2,11,fine_sand,4,248200,199300,77
409,a7,ZN,100,AP_PD,14/05/2023,Y,0,0,60,61,99,195,7,37,fine_sand,4,248300,199300,77
410,b1,ZN,100,VS_S,14/05/2023,Y,0,0,2,3,3,18,0,0,sand,5,247700,199200,19
411,b2,ZN,100,VS_S,14/05/2023,Y,0,0,6,12,0,0,0,0,sand,5,247800,199200,8
412,b3,ZN,100,VS_S,14/05/2023,Y,0,0,2,4,0,0,0,0,sand,5,247900,199200,0
413,b4,ZN,100,VS_S,14/05/2023,Y,0,0,0,0,0,0,0,0,sand,5,248000,199200,0
414,b5,ZN,100,AP_PD,14/05/2023,Y,0,0,16,13,7,13,2,16,sand,5,248100,199200,25
415,b6,ZN,100,AP_PD,14/05/2023,Y,0,0,24,33,63,147,16,76,mud,2,248200,199200,152
416,b7,ZN,100,AP_PD,14/05/2023,Y,0,0,83,77,39,79,2,9,muddy_sand,3,248300,199200,16
417,c1,ZN,100,VS_S,14/05/2023,Y,0,0,1,1,1,2,0,0,sand,5,247700,199100,2
418,c2,ZN,100,VS_S,14/05/2023,Y,0,0,0,0,0,0,0,0,sand,5,247800,199100,0
419,c3,ZN,100,VS_S,14/05/2023,Y,0,0,3,2,0,0,0,0,sand,5,247900,199100,0
420,c4,ZN,100,VS_S,14/05/2023,Y,0,0,0,0,0,0,0,0,sand,5,248000,199100,0
421,c5,ZN,100,AP_PD,14/05/2023,Y,0,0,4,3,0,0,0,0,sand,5,248100,199100,0
422,c6,ZN,100,AP_PD,14/05/2023,Y,0,0,86,138,25,79,9,63,sand,5,248200,199100,163
423,c7,ZN,100,AP_PD,14/05/2023,Y,0,0,96,122,35,89,8,51,sand,5,248300,199100,69
424,d1,ZN,100,VS_S,14/05/2023,Y,0,0,7,8,4,15,0,0,sand,5,247700,199000,15
425,d2,ZN,100,VS_S,14/05/2023,Y,0,0,5,6,1,4,2,18,sand,5,247800,199000,21
426,d3,ZN,100,VS_S,14/05/2023,Y,0,0,0,0,0,0,0,0,sand,5,247900,199000,0
427,d4,ZN,100,VS_S,14/05/2023,Y,0,0,0,0,0,0,0,0,sand,5,248000,199000,0
428,d5,ZN,100,AP_PD,14/05/2023,Y,0,0,89,56,22,58,1,7,sand,5,248100,199000,53
429,d6,ZN,100,AP_PD,14/05/2023,Y,0,0,17,21,16,49,5,25,sand,5,248200,199000,56
430,d7,ZN,100,AP_PD,14/05/2023,Y,0,0,137,160,46,118,0,0,sand,5,248300,199000,138
431,e1,ZN,100,VS_S,14/05/2023,Y,0,0,3,5,1,6,2,11,sand,5,247700,198900,17
432,e2,ZN,100,VS_S,14/05/2023,Y,0,0,0,0,8,12,0,0,sand,5,247800,198900,0
433,e3,ZN,100,VS_S,14/05/2023,Y,0,0,13,17,2,5,0,0,sand,5,247900,198900,9
434,e4,ZN,100,VS_S,14/05/2023,Y,0,0,30,28,3,7,0,0,sand,5,248000,198900,7
435,e5,ZN,100,AP_PD,14/05/2023,Y,0,0,15,14,4,10,6,36,sand,5,248100,198900,47
436,e6,ZN,100,AP_PD,14/05/2023,Y,0,0,18,29,14,45,9,55,sand,5,248200,198900,88
437,e7,ZN,100,AP_PD,14/05/2023,Y,0,0,110,118,55,130,3,16,fine_sand,4,248300,198900,138
438,f1,ZN,100,VS_S,14/05/2023,Y,0,0,92,169,2,9,0,0,sand,5,247700,198800,50
439,f2,ZN,100,VS_S,14/05/2023,Y,0,0,13,20,5,21,0,0,sand,5,247800,198800,25
440,f3,ZN,100,VS_S,14/05/2023,Y,0,0,12,10,2,11,0,0,sand,5,247900,198800,8
441,f4,ZN,100,VS_S,14/05/2023,Y,0,0,90,116,16,61,0,0,sand,5,248000,198800,67
442,f5,ZN,100,AP_PD,14/05/2023,Y,0,0,23,30,21,68,2,12,sand,5,248100,198800,76
443,f6,ZN,100,AP_PD,14/05/2023,Y,0,0,146,293,7,31,0,0,sand,5,248200,198800,69
444,f7,ZN,100,AP_PD,14/05/2023,Y,0,0,123,154,69,196,2,8,fine_sand,4,248300,198800,190
445,g1,ZN,100,VS_S,14/05/2023,Y,0,0,9,14,7,35,0,0,sand,5,247700,198700,38
446,g2,ZN,100,VS_S,14/05/2023,Y,0,0,4,3,3,13,0,0,sand,5,247800,198700,13
447,g3,ZN,100,VS_S,14/05/2023,Y,0,0,5,7,3,11,1,7,sand,5,247900,198700,18
448,g4,ZN,100,VS_S,14/05/2023,Y,0,0,20,34,20,82,2,14,sand,5,248000,198700,102
449,g5,ZN,100,AP_PD,14/05/2023,Y,0,0,1,5,1,5,2,19,sand,5,248100,198700,24
450,g6,ZN,100,AP_PD,14/05/2023,Y,0,0,16,21,7,24,0,0,fine_sand,4,248200,198700,24
451,g7,ZN,100,AP_PD,14/05/2023,Y,0,0,64,17,38,97,2,11,fine_sand,4,248300,198700,84
452,h1,ZS,100,VS_S,13/05/2023,Y,0,0,24,34,3,11,0,0,fine_sand,4,251200,196050,11
453,h2,ZS,100,VS_S,13/05/2023,Y,0,0,125,217,13,48,0,0,fine_sand,4,251300,196050,14
454,h3,ZS,100,VS_S,13/05/2023,Y,0,0,47,52,2,6,0,0,fine_sand,4,251400,196050,6
455,h4,ZS,100,AP_PD,13/05/2023,Y,0,0,180,252,2,11,0,0,sand,5,251500,196050,53
456,h5,ZS,100,AP_PD,13/05/2023,Y,0,0,12,11,90,131,2,10,sand,5,251600,196050,12
457,h6,ZS,100,AP_PD,13/05/2023,Y,0,0,24,17,25,28,3,21,sand,5,251700,196050,21
458,h7,ZS,100,AP_PD,13/05/2023,Y,0,0,410,465,2,23,0,0,sand,5,251800,196050,23
459,i1,ZS,100,VS_S,13/05/2023,Y,0,0,250,191,12,26,0,0,fine_sand,4,251200,195950,10
460,i2,ZS,100,VS_S,13/05/2023,Y,0,0,162,125,1,7,0,0,fine_sand,4,251300,195950,7
461,i3,ZS,100,VS_S,13/05/2023,Y,0,0,0,0,2,3,0,0,fine_sand,4,251400,195950,0
462,i4,ZS,100,AP_PD,13/05/2023,Y,0,0,0,0,0,0,0,0,muddy_sand,3,251500,195950,0
463,i5,ZS,100,AP_PD,13/05/2023,Y,0,0,300,192,2,5,3,19,sand,5,251600,195950,24
464,i6,ZS,100,AP_PD,13/05/2023,Y,0,0,73,48,12,24,2,12,sand,5,251700,195950,21
465,i7,ZS,100,AP_PD,13/05/2023,Y,0,0,5,5,1,4,0,0,sand,5,251800,195950,4
466,j1,ZS,100,VS_S,13/05/2023,Y,0,0,16,12,23,46,0,0,fine_sand,4,251200,195850,3
467,j2,ZS,100,VS_S,13/05/2023,Y,0,0,21,14,13,25,0,0,fine_sand,4,251300,195850,0
468,j3,ZS,100,VS_S,13/05/2023,Y,0,0,0,0,3,5,0,0,fine_sand,4,251400,195850,0
469,j4,ZS,100,AP_PD,13/05/2023,Y,0,0,104,108,4,11,9,35,muddy_sand,3,251500,195850,47
470,j5,ZS,100,AP_PD,13/05/2023,Y,0,0,100,117,2,4,17,70,sand,5,251600,195850,74
471,j6,ZS,100,AP_PD,13/05/2023,Y,0,0,53,22,30,46,1,5,sand,5,251700,195850,24
472,j7,ZS,100,AP_PD,13/05/2023,Y,0,0,13,17,1,5,0,0,sand,5,251800,195850,9
473,k1,ZS,100,VS_S,13/05/2023,Y,0,0,8,4,3,5,0,0,fine_sand,4,251200,195750,0
474,k2,ZS,100,VS_S,13/05/2023,Y,0,0,15,7,13,22,0,0,fine_sand,4,251300,195750,0
475,k3,ZS,100,VS_S,13/05/2023,Y,0,0,21,20,6,11,0,0,fine_sand,4,251400,195750,3
476,k4,ZS,100,AP_PD,13/05/2023,Y,0,0,72,75,4,12,0,0,muddy_sand,3,251500,195750,12
477,k5,ZS,100,AP_PD,13/05/2023,Y,0,0,32,40,4,12,1,4,muddy_sand,3,251600,195750,17
478,k6,ZS,100,AP_PD,13/05/2023,Y,0,0,31,28,0,0,5,19,sand,5,251700,195750,19
479,k7,ZS,100,AP_PD,13/05/2023,Y,0,0,24,9,11,21,0,0,muddy_sand,3,251800,195750,3
480,l1,ZS,100,VS_S,13/05/2023,Y,0,0,18,18,3,12,0,0,fine_sand,4,251200,195650,12
481,l2,ZS,100,VS_S,13/05/2023,Y,0,0,2,1,0,0,0,0,fine_sand,4,251300,195650,0
482,l3,ZS,100,VS_S,13/05/2023,Y,0,0,20,8,1,2,0,0,fine_sand,4,251400,195650,0
483,l4,ZS,100,AP_PD,13/05/2023,Y,0,0,310,235,8,21,1,7,muddy_sand,3,251500,195650,28
484,l5,ZS,100,AP_PD,13/05/2023,Y,0,0,11,6,5,12,2,6,muddy_sand,3,251600,195650,6
485,l6,ZS,100,AP_PD,13/05/2023,Y,0,0,5,2,3,7,0,0,sand,5,251700,195650,3
486,l7,ZS,100,AP_PD,13/05/2023,Y,0,0,26,15,1,3,0,0,muddy_sand,3,251800,195650,3
487,m1,ZS,100,VS_S,13/05/2023,Y,0,0,16,6,3,4,0,0,fine_sand,4,251200,195550,0
488,m2,ZS,100,VS_S,13/05/2023,Y,0,0,2,1,1,1,0,0,fine_sand,4,251300,195550,0
489,m3,ZS,100,VS_S,13/05/2023,Y,0,0,3,1,0,0,0,0,fine_sand,4,251400,195550,0
490,m4,ZS,100,AP_PD,13/05/2023,Y,0,0,4,9,0,0,0,0,muddy_sand,3,251500,195550,3
491,m5,ZS,100,AP_PD,13/05/2023,Y,0,0,1,1,0,0,0,0,mud,2,251600,195550,0
492,m6,ZS,100,AP_PD,13/05/2023,Y,0,0,0,0,0,0,0,0,muddy_sand,3,251700,195550,0
493,m7,ZS,100,AP_PD,13/05/2023,Y,0,0,0,0,0,0,0,0,mud,2,251800,195550,0
494,n1,ZS,100,VS_S,13/05/2023,Y,0,0,11,3,0,0,0,0,fine_sand,4,251200,195450,0
495,n2,ZS,100,VS_S,13/05/2023,Y,0,0,1,1,3,5,0,0,fine_sand,4,251300,195450,0
496,n3,ZS,100,VS_S,13/05/2023,Y,0,0,0,0,0,0,0,0,fine_sand,4,251400,195450,0
497,n4,ZS,100,AP_PD,13/05/2023,Y,0,0,0,0,0,0,0,0,saltmarsh,1,251500,195450,0
498,n5,ZS,100,AP_PD,13/05/2023,Y,0,0,0,0,0,0,0,0,muddy_sand,3,251600,195450,0
499,n6,ZS,100,AP_PD,13/05/2023,Y,0,0,0,0,0,0,0,0,muddy_sand,3,251700,195450,0
500,n7,ZS,100,AP_PD,13/05/2023,Y,0,0,0,0,0,0,0,0,mud,2,251800,195450,0
501,add1,add,250,AP_PD,22/05/2023,Y,0,0,16,20,3,10,5,28,sand,5,248757,196254,43
502,add2,add,250,AP_PD,22/05/2023,Y,0,0,0,0,3,26,1,12,sand,5,248147,196496,38
503,add3,add,250,VS_LE,22/05/2023,Y,0,0,98,193,4,16,1,8,fine_sand,4,249049,196232,183
504,add4,add,250,VS_LE,22/05/2023,Y,0,0,230,584,8,40,0,0,fine_sand,4,248763,196349,500